{
  "columns": [
    0,
    1,
    2,
    3,
    4,
    5,
    6,
    7,
    8,
    9,
    10,
    11,
    12,
    13,
    14,
    15,
    16,
    17,
    18,
    19,
    20,
    21,
    22,
    23,
    24,
    25,
    26,
    27,
    28,
    29,
    30,
    31,
    32,
    33,
    34,
    35,
    36,
    37,
    38,
    39,
    40,
    41,
    42,
    43,
    44,
    45,
    46,
    47,
    48,
    49,
    50,
    51,
    52,
    53,
    54,
    55,
    56,
    57,
    58,
    59,
    60,
    61,
    62,
    63,
    64,
    65,
    66,
    67
  ],
  "index": [
    "A",
    "B",
    "C",
    "reg"
  ],
  "data": [
    [
      0.4040173368,
      -12.5995921846,
      -27.4606865631,
      11.3728562179,
      36.1824159906,
      -140.6558387481,
      0.3726802247,
      119.4892387512,
      20.3844427107,
      16.5141196915,
      42.4652903476,
      -68.882959244,
      8.3891284558,
      3.8286544527,
      57.6718217514,
      43.9532668278,
      2.3429843331,
      -9.0845461182,
      309.2193548049,
      -112.2198872923,
      -33.2320060354,
      200.9545688319,
      292.2180105926,
      80.4259090908,
      -128.9851151754,
      -1.8873286673,
      3.1335636016,
      94.1606975407,
      7.1574825751,
      261.8975887782,
      63.2204296193,
      4.7648595966,
      -1.2887693635,
      8.2779788554,
      72.2375444975,
      51.5327517892,
      13.7689679481,
      16.4691382557,
      -98.5161357672,
      2240.5829225076,
      -101.5906623119,
      23.0952040098,
      -30.2804089806,
      -199.8413437587,
      250.1369348841,
      12.1805726695,
      -41.941551332,
      66.3868985898,
      -86.2340954959,
      110.265379958,
      1947.394404059,
      104.2596187859,
      -17.2530414302,
      37.0173184973,
      73.2748048568,
      71.263093376,
      70.3804825389,
      16.3610913219,
      87.5436021796,
      184.4216239756,
      34.1509128068,
      823.9102052009,
      53.9663997771,
      -24.1102261781,
      46.1703216704,
      7.0588189952,
      -0.3055115865,
      134.1627265098
    ],
    [
      -0.0115179692,
      -0.0181354018,
      -0.0000593211,
      -0.0150681035,
      -0.0169972861,
      0.0068581134,
      0.0094439456,
      0.0340523857,
      -0.0166595799,
      -0.0020545678,
      -0.0104892464,
      0.0029430033,
      -0.0020062575,
      -0.0283351998,
      -0.0186783506,
      -0.0249560327,
      -0.023660818,
      -0.0230978987,
      -0.0792665662,
      0.0086073459,
      -0.1421155458,
      -0.0319130841,
      -0.0858723853,
      -0.0097888142,
      -0.0439148329,
      -0.0103030699,
      -0.0209864854,
      -0.1224551263,
      -0.0077512105,
      -0.1103482625,
      -0.0001202651,
      0.0012817502,
      0.0056956498,
      -0.0162293125,
      -0.0318247069,
      0.0125342509,
      0.0008435179,
      -0.00352434,
      -0.0257205943,
      -0.5887598066,
      -0.0311359737,
      -0.0108623592,
      -0.0792890634,
      -0.048133802,
      -0.1301380425,
      -0.0153238563,
      -0.0278538478,
      -0.0099258265,
      -0.045408431,
      0.0085855759,
      -0.4758713151,
      -0.0501103951,
      -0.0283850695,
      -0.031554289,
      0.0154347087,
      -0.019329535,
      -0.0218601707,
      -0.0364020823,
      0.0072286342,
      0.0630092689,
      -0.0319187374,
      0.0610955793,
      -0.0265017223,
      -0.0394654857,
      -0.0073895648,
      -0.0018143354,
      -0.0214160108,
      -0.0362828045
    ],
    [
      8374.5576107097,
      7416.5238631438,
      18514.8670609868,
      4651.2916225255,
      4956.3280924836,
      29788.3799400002,
      12774.7290929547,
      -4457.0114449698,
      3032.6820829936,
      201.4406955114,
      1070.593043259,
      13710.7945586955,
      580.2174494218,
      9609.9608778105,
      -527.885357767,
      25229.1281381865,
      6472.024537598,
      11710.7636924186,
      21739.8068965187,
      23495.6747452627,
      123196.7088790909,
      -5114.5891916031,
      -1190.7431083309,
      -2978.5599455102,
      33219.3948720198,
      3983.3004463767,
      6702.6698224661,
      26294.4231110864,
      2230.4060169179,
      10758.8423205302,
      -12.8732036064,
      144.3538169419,
      274.1896908357,
      8681.5127405989,
      4498.8721975129,
      1031.6267141872,
      1188.4361040718,
      1881.8008883236,
      14740.5211474391,
      -145630.2984041517,
      32332.7654322802,
      5137.3448968206,
      34176.2084128835,
      38517.9502908601,
      29584.2844018758,
      6593.955712131,
      17471.8612311252,
      -2324.2422463985,
      21816.26689225,
      -2289.5667164791,
      -62111.3107614858,
      3811.6051044675,
      10306.0112228294,
      34152.7857959449,
      -6312.1011419678,
      -443.5707419993,
      3077.2333700578,
      12567.7403114167,
      -1846.1553814734,
      28792.060740244,
      31086.2582382833,
      -46037.4696192672,
      13163.9171702608,
      17160.2681188914,
      1471.3946449435,
      247.6848419127,
      18866.6114748295,
      -2135.6584076984
    ],
    [
      "Архангельская область",
      "Астраханская область",
      "Белгородская область",
      "Брянская область",
      "Владимирская область",
      "Волгоградская область",
      "Вологодская область",
      "Воронежская область",
      "Ивановская область",
      "Кабардино-Балкарская Республика",
      "Калининградская область",
      "Калужская область",
      "Карачаево-Черкесская Республика",
      "Кировская область",
      "Костромская область",
      "Краснодарский край",
      "Курганская область",
      "Курская область",
      "Ленинградская область",
      "Липецкая область",
      "Московская область",
      "Мурманская область",
      "Нижегородская область",
      "Новгородская область",
      "Оренбургская область",
      "Орловская область",
      "Пензенская область",
      "Пермский край",
      "Псковская область",
      "Республика Башкортостан",
      "Республика Дагестан",
      "Республика Ингушетия",
      "Республика Калмыкия",
      "Республика Карелия",
      "Республика Коми",
      "Республика Крым",
      "Республика Марий Эл",
      "Республика Мордовия",
      "Республика Северная Осетия-Алания",
      "Республика Татарстан",
      "Ростовская область",
      "Рязанская область",
      "Самарская область",
      "Саратовская область",
      "Свердловская область",
      "Смоленская область",
      "Ставропольский край",
      "Тамбовская область",
      "Тверская область",
      "Тульская область",
      "Тюменская область",
      "Удмуртская Республика",
      "Ульяновская область",
      "Челябинская область",
      "Чеченская Республика",
      "Чувашская Республика",
      "Ярославская область",
      "Алтайский край",
      "Забайкальский край",
      "Иркутская область",
      "Кемеровская область",
      "Красноярский край",
      "Новосибирская область",
      "Омская область",
      "Республика Бурятия",
      "Республика Тыва",
      "Республика Хакасия",
      "Томская область"
    ]
  ]
}
